{
  "precision": 0.00001,
  "weight": {
    "kg": 1,
    "g": 1000,
    "lb": 2.20462,
    "oz": 35.274
  },
  "height": {
    "m": 1,
    "cm": 100,
    "ft": 3.28084,
    "in": 39.3701
  },
  "distance": {
    "m": 1,
    "cm": 100,
    "km": 0.001,
    "mi": 0.000621371
  }
}
